{
  "data": {
    "list": [
      {
        "ab": 5072,
        "bb": 580,
        "bbhp": 629,
        "bbkk": "0.52",
        "bra": "0.355",
        "cs": 27,
        "der": "0.670564",
        "err": 91,
        "gd": 112,
        "gyear": "2024",
        "h2": 234,
        "h3": 16,
        "hit": 1413,
        "hp": 49,
        "hr": 145,
        "hra": "0.279",
        "hrab": 0,
        "ib": 18,
        "iso": "0.138",
        "kk": 1123,
        "kkab": 0,
        "ops": "0.772",
        "pa": 5808,
        "rbi": 722,
        "run": 767,
        "sb": 61,
        "sbTryCn": 88,
        "sba": "0.693",
        "sf": 45,
        "sh": 62,
        "slab": 0,
        "slg": "0.417",
        "teamCode": "KT",
        "teamName": "KT"
      },
      {
        "ab": 4975,
        "bb": 531,
        "bbhp": 618,
        "bbkk": "0.46",
        "bra": "0.346",
        "cs": 29,
        "der": "0.687822",
        "err": 71,
        "gd": 94,
        "gyear": "2024",
        "h2": 204,
        "h3": 17,
        "hit": 1336,
        "hp": 87,
        "hr": 185,
        "hra": "0.269",
        "hrab": 0,
        "ib": 13,
        "iso": "0.159",
        "kk": 1150,
        "kkab": 0,
        "ops": "0.774",
        "pa": 5697,
        "rbi": 734,
        "run": 770,
        "sb": 113,
        "sbTryCn": 142,
        "sba": "0.796",
        "sf": 47,
        "sh": 57,
        "slab": 0,
        "slg": "0.428",
        "teamCode": "SS",
        "teamName": "\uc0bc\uc131"
      },
      {
        "ab": 4975,
        "bb": 510,
        "bbhp": 591,
        "bbkk": "0.47",
        "bra": "0.350",
        "cs": 50,
        "der": "0.678224",
        "err": 68,
        "gd": 100,
        "gyear": "2024",
        "h2": 243,
        "h3": 21,
        "hit": 1375,
        "hp": 81,
        "hr": 150,
        "hra": "0.276",
        "hrab": 0,
        "ib": 17,
        "iso": "0.148",
        "kk": 1077,
        "kkab": 0,
        "ops": "0.774",
        "pa": 5680,
        "rbi": 743,
        "run": 789,
        "sb": 184,
        "sbTryCn": 234,
        "sba": "0.786",
        "sf": 59,
        "sh": 55,
        "slab": 0,
        "slg": "0.424",
        "teamCode": "OB",
        "teamName": "\ub450\uc0b0"
      },
      {
        "ab": 4919,
        "bb": 616,
        "bbhp": 687,
        "bbkk": "0.64",
        "bra": "0.366",
        "cs": 79,
        "der": "0.672723",
        "err": 83,
        "gd": 98,
        "gyear": "2024",
        "h2": 238,
        "h3": 29,
        "hit": 1394,
        "hp": 71,
        "hr": 115,
        "hra": "0.283",
        "hrab": 0,
        "ib": 18,
        "iso": "0.13",
        "kk": 969,
        "kkab": 0,
        "ops": "0.780",
        "pa": 5725,
        "rbi": 765,
        "run": 808,
        "sb": 171,
        "sbTryCn": 250,
        "sba": "0.684",
        "sf": 73,
        "sh": 46,
        "slab": 0,
        "slg": "0.414",
        "teamCode": "LG",
        "teamName": "LG"
      },
      {
        "ab": 5015,
        "bb": 492,
        "bbhp": 570,
        "bbkk": "0.43",
        "bra": "0.337",
        "cs": 13,
        "der": "0.680021",
        "err": 96,
        "gd": 96,
        "gyear": "2024",
        "h2": 222,
        "h3": 24,
        "hit": 1326,
        "hp": 78,
        "hr": 104,
        "hra": "0.264",
        "hrab": 0,
        "ib": 10,
        "iso": "0.116",
        "kk": 1141,
        "kkab": 0,
        "ops": "0.717",
        "pa": 5671,
        "rbi": 641,
        "run": 672,
        "sb": 71,
        "sbTryCn": 84,
        "sba": "0.845",
        "sf": 49,
        "sh": 37,
        "slab": 0,
        "slg": "0.380",
        "teamCode": "WO",
        "teamName": "\ud0a4\uc6c0"
      },
      {
        "ab": 5110,
        "bb": 494,
        "bbhp": 562,
        "bbkk": "0.46",
        "bra": "0.352",
        "cs": 42,
        "der": "0.664648",
        "err": 113,
        "gd": 100,
        "gyear": "2024",
        "h2": 285,
        "h3": 41,
        "hit": 1454,
        "hp": 68,
        "hr": 125,
        "hra": "0.285",
        "hrab": 0,
        "ib": 12,
        "iso": "0.145",
        "kk": 1079,
        "kkab": 0,
        "ops": "0.782",
        "pa": 5766,
        "rbi": 757,
        "run": 802,
        "sb": 105,
        "sbTryCn": 147,
        "sba": "0.714",
        "sf": 57,
        "sh": 37,
        "slab": 0,
        "slg": "0.430",
        "teamCode": "LT",
        "teamName": "\ub86f\ub370"
      },
      {
        "ab": 5001,
        "bb": 470,
        "bbhp": 547,
        "bbkk": "0.43",
        "bra": "0.342",
        "cs": 39,
        "der": "0.680431",
        "err": 107,
        "gd": 85,
        "gyear": "2024",
        "h2": 239,
        "h3": 20,
        "hit": 1367,
        "hp": 77,
        "hr": 152,
        "hra": "0.273",
        "hrab": 0,
        "ib": 12,
        "iso": "0.147",
        "kk": 1095,
        "kkab": 0,
        "ops": "0.762",
        "pa": 5647,
        "rbi": 724,
        "run": 756,
        "sb": 149,
        "sbTryCn": 188,
        "sba": "0.793",
        "sf": 48,
        "sh": 51,
        "slab": 0,
        "slg": "0.420",
        "teamCode": "SK",
        "teamName": "SSG"
      },
      {
        "ab": 5009,
        "bb": 513,
        "bbhp": 641,
        "bbkk": "0.43",
        "bra": "0.353",
        "cs": 33,
        "der": "0.67542",
        "err": 91,
        "gd": 100,
        "gyear": "2024",
        "h2": 226,
        "h3": 15,
        "hit": 1371,
        "hp": 128,
        "hr": 172,
        "hra": "0.274",
        "hrab": 0,
        "ib": 14,
        "iso": "0.154",
        "kk": 1200,
        "kkab": 0,
        "ops": "0.781",
        "pa": 5757,
        "rbi": 737,
        "run": 773,
        "sb": 104,
        "sbTryCn": 137,
        "sba": "0.759",
        "sf": 57,
        "sh": 50,
        "slab": 0,
        "slg": "0.428",
        "teamCode": "NC",
        "teamName": "NC"
      },
      {
        "ab": 5124,
        "bb": 529,
        "bbhp": 588,
        "bbkk": "0.58",
        "bra": "0.369",
        "cs": 44,
        "der": "0.663576",
        "err": 127,
        "gd": 119,
        "gyear": "2024",
        "h2": 266,
        "h3": 28,
        "hit": 1542,
        "hp": 59,
        "hr": 163,
        "hra": "0.301",
        "hrab": 0,
        "ib": 18,
        "iso": "0.158",
        "kk": 915,
        "kkab": 0,
        "ops": "0.828",
        "pa": 5812,
        "rbi": 812,
        "run": 858,
        "sb": 125,
        "sbTryCn": 169,
        "sba": "0.74",
        "sf": 53,
        "sh": 45,
        "slab": 0,
        "slg": "0.459",
        "teamCode": "HT",
        "teamName": "KIA"
      },
      {
        "ab": 5005,
        "bb": 530,
        "bbhp": 615,
        "bbkk": "0.49",
        "bra": "0.347",
        "cs": 41,
        "der": "0.681333",
        "err": 93,
        "gd": 109,
        "gyear": "2024",
        "h2": 224,
        "h3": 18,
        "hit": 1351,
        "hp": 85,
        "hr": 127,
        "hra": "0.270",
        "hrab": 0,
        "ib": 18,
        "iso": "0.128",
        "kk": 1077,
        "kkab": 0,
        "ops": "0.745",
        "pa": 5702,
        "rbi": 698,
        "run": 745,
        "sb": 69,
        "sbTryCn": 110,
        "sba": "0.627",
        "sf": 40,
        "sh": 42,
        "slab": 0,
        "slg": "0.398",
        "teamCode": "HH",
        "teamName": "\ud55c\ud654"
      }
    ]
  }
}
